oid,filter,mjd,mag,magerr,clrcoeff
282102400082213,zg,58246.49231,16.403881,0.061171483,0.03348015
282102400082213,zg,58273.45104,16.5469,0.06070367,-0.012688817
282102400082213,zg,58277.36031,16.021778,0.0620541,0.0017009531
282102400082213,zg,58677.32316,16.281868,0.061507005,-0.065437354
282102400082213,zg,59393.31998,16.165863,0.06177738,-0.029050358
282102400082213,zg,59414.2569,16.224194,0.06164705,-0.01761305
282102400082213,zg,59419.2151,16.50121,0.06086243,-0.03062522
