oid,filter,mjd,mag,magerr,clrcoeff
282102300066027,zg,58273.45105,15.907839,0.057625223,-0.033487704
282102300066027,zg,58274.38414,16.349686,0.054554444,-0.06359372
282102300066027,zg,58677.32316,16.994465,0.04870075,-0.08256201
282102300066027,zg,59419.21508,16.906948,0.049620107,-0.09238458
282102300066027,zg,59743.38394,16.985556,0.04879646,-0.10886149
