oid,filter,mjd,mag,magerr,clrcoeff
282102400068600,zg,58246.49231,15.422127,0.0626547,0.03348015
282102400068600,zg,58273.45104,14.866869,0.0626657,-0.012688817
282102400068600,zg,58277.36031,15.124773,0.06270958,0.0017009531
282102400068600,zg,58677.32316,15.096561,0.06270852,-0.065437354
282102400068600,zg,59393.31998,15.639393,0.06252461,-0.029050358
282102400068600,zg,59414.2569,16.19484,0.061714023,-0.01761305
282102400068600,zg,59419.2151,16.272993,0.061529305,-0.03062522
