oid,filter,mjd,mag,magerr,clrcoeff
282102200081621,zg,58676.31552,16.8085,0.039469726,-0.09118442
282102200081621,zg,59032.36336,16.940186,0.04019487,-0.122111276
282102200081621,zg,59359.44629,17.220722,0.041361462,-0.11710377
282102200081621,zg,59393.31998,17.146744,0.041108612,-0.105348915
282102200081621,zg,59419.21506,17.115837,0.0409908,-0.09387172
282102200081621,zg,59447.17655,17.176182,0.041214228,-0.119016185
282102200081621,zg,59450.21255,16.841816,0.039662823,-0.08301304
282102200081621,zg,59713.44172,17.056278,0.04074441,-0.10377817
