oid,filter,mjd,mag,magerr,clrcoeff
282106400152728,zg,58292.34247,16.325226,0.02592462,-0.109616175
282106400152728,zg,58676.31556,16.533756,0.026875468,-0.06973342
282106400152728,zg,58677.32318,16.441038,0.026420273,-0.1109964
282106400152728,zg,58685.29268,16.178484,0.025401544,-0.11325505
282106400152728,zg,58715.24363,16.378164,0.026141578,-0.10777731
282106400152728,zg,59032.36338,16.54295,0.026923617,-0.09039954
282106400152728,zg,59032.36478,16.528175,0.026846519,-0.10403425
282106400152728,zg,59042.33504,15.872096,0.02463007,-0.10667128
282106400152728,zg,59086.211,16.503307,0.026719958,-0.07971778
