oid,filter,mjd,mag,magerr,clrcoeff
282102400056548,zg,58246.49228,15.858754,0.06229742,0.03348015
282102400056548,zg,58273.45102,16.154419,0.06180166,-0.012688817
282102400056548,zg,58277.3603,15.402005,0.06266259,0.0017009531
282102400056548,zg,58677.32317,16.221832,0.06165255,-0.065437354
282102400056548,zg,59393.31998,16.13795,0.061835885,-0.029050358
282102400056548,zg,59414.25692,16.107464,0.061897032,-0.01761305
282102400056548,zg,59419.21511,16.267387,0.061543245,-0.03062522
