oid,filter,mjd,mag,magerr,clrcoeff
282102400060151,zg,58246.49229,16.103024,0.061905704,0.03348015
282102400060151,zg,58277.3603,16.074224,0.0619605,0.0017009531
282102400060151,zg,58677.32317,15.810644,0.06235648,-0.065437354
282102400060151,zg,59393.31998,16.19929,0.06170405,-0.029050358
282102400060151,zg,59414.25691,16.256428,0.06157019,-0.01761305
282102400060151,zg,59419.2151,15.91325,0.06222373,-0.03062522
