oid,filter,mjd,mag,magerr,clrcoeff
282102300159962,zg,58677.32315,16.75391,0.051123172,-0.08256201
282102300159962,zg,59419.21508,17.084522,0.047705147,-0.09238458
