oid,filter,mjd,mag,magerr,clrcoeff
282102300099773,zg,58677.32315,16.357323,0.05449583,-0.08256201
282102300099773,zg,59419.21508,16.437496,0.05386731,-0.09238458
