oid,filter,mjd,mag,magerr,clrcoeff
282102300182231,zg,58677.32315,17.118504,0.047315665,-0.08256201
282102300182231,zg,59419.21508,16.353237,0.054527216,-0.09238458
