oid,filter,mjd,mag,magerr,clrcoeff
282102400126796,zg,58246.49231,16.344023,0.06134299,0.03348015
282102400126796,zg,58273.45104,16.112572,0.06188699,-0.012688817
282102400126796,zg,58277.36031,15.801418,0.062367186,0.0017009531
282102400126796,zg,58677.32316,16.06858,0.061970953,-0.065437354
282102400126796,zg,59393.31998,16.153866,0.061802823,-0.029050358
282102400126796,zg,59414.2569,16.33603,0.061364863,-0.01761305
282102400126796,zg,59419.21509,16.242636,0.0616035,-0.03062522
