oid,filter,mjd,mag,magerr,clrcoeff
282102400184761,zg,58246.49227,15.890153,0.06225586,0.03348015
282102400184761,zg,58273.45102,16.066845,0.061974153,-0.012688817
282102400184761,zg,58277.3603,16.2984,0.061464738,0.0017009531
282102400184761,zg,58677.32318,16.47652,0.060944505,-0.065437354
282102400184761,zg,59393.31998,16.230387,0.061632555,-0.029050358
282102400184761,zg,59414.25692,16.409912,0.061153445,-0.01761305
282102400184761,zg,59419.21512,16.158638,0.061792757,-0.03062522
