oid,filter,mjd,mag,magerr,clrcoeff
282102400185487,zg,58246.4923,15.552831,0.062586755,0.03348015
282102400185487,zg,58273.45103,15.932898,0.06219533,-0.012688817
282102400185487,zg,58277.3603,15.807721,0.06235989,0.0017009531
282102400185487,zg,58677.32317,16.004353,0.062083486,-0.065437354
282102400185487,zg,59393.31998,15.822183,0.062342815,-0.029050358
282102400185487,zg,59414.25691,15.929895,0.062199727,-0.01761305
282102400185487,zg,59419.2151,15.637638,0.06252602,-0.03062522
