asas_sn_id,ra_deg,dec_deg,name
120259200129,24.09671,48.00789,V0797 And
