asas_sn_id,ra_deg,dec_deg,name
120259364496,207.73365,62.32026,LINEAR 10113493
