asas_sn_id,ra_deg,dec_deg,name
549756413393,3.80254,-70.27856,ASAS J001513-7016.7
