asas_sn_id,ra_deg,dec_deg,name
635655177289,63.90426,-60.32751,ASASSN-V J041537.02-601939.0
