asas_sn_id,ra_deg,dec_deg,name
652835518439,40.22701,-67.13559,ASASSN-V J024054.48-670808.1
