asas_sn_id,ra_deg,dec_deg,name
128849909789,1.00829,39.77311,CSS_J000401.9+394623
