asas_sn_id,ra_deg,dec_deg,name
292058306407,1.27625,-12.07819,ASAS J000507-1204.6
