asas_sn_id,ra_deg,dec_deg,name
446677199011,5.81132,-48.94131,SSS_J002314.5-485630
