asas_sn_id,ra_deg,dec_deg,name
532576335749,53.75187,-27.48197,GUVV-2 J033500.4-272854.8
