asas_sn_id,ra_deg,dec_deg,name
644245453729,86.70395,-64.28352,ASASSN-V J054648.95-641700.7
