asas_sn_id,ra_deg,dec_deg,name
17179984161,101.60405,68.12814,ASASSN-V J064624.97+680741.3
