asas_sn_id,ra_deg,dec_deg,name
463857209171,35.70222,-39.83515,SSS_J022248.5-395007
