asas_sn_id,ra_deg,dec_deg,name
601295850586,1.30367,-52.15189,GSC 08028-01334
