asas_sn_id,ra_deg,dec_deg,name
171798723811,74.53539999999998,22.34996,NSVS 6885647
