asas_sn_id,ra_deg,dec_deg,name
652835464289,33.23023,-54.41536,ASASSN-V J021255.28-542455.3
