asas_sn_id,ra_deg,dec_deg,name
369367627075,212.53502000000003,-2.29738,NSVS 13311503
