asas_sn_id,ra_deg,dec_deg,name
103080180535,0.45502,29.31415,SDSS J000149.20+291850.9
