asas_sn_id,ra_deg,dec_deg,name
523986025394,111.46268,-52.95199,SSS_J072550.9-525708
