asas_sn_id,ra_deg,dec_deg,name
120259361503,0.56444,62.15241,PS1-3PI J000215.46+620908.6
